Workbook

Sheet README
A1: project: waste collection perfomance tracker(2025)
A2: Goal: find which zone collect the least waste per truck trip
A3: Q1:which zone collect the most and least tonnage per trip?
A4: Q2:which month peak, and by how much?
A5: Q3:which zones have the highest missed pickup rate?
A8: column | B8: meaning | C8: expected type
A9: date | B9: day of collect | C9: date
A10: zone | B10: collection zone | C10: text
A11: truck id | B11: trucks used | C11: text
A12: trips | B12: how many trips each trucks took | C12: whole number
A13: tonnage | B13: waste collected | C13: number(tons)
A14: fuel used | B14: fuel burned | C14: number (litres)
A15: missed pickups | B15: pickups not completed | C15: whole number

Sheet Issue_logs
A1: Column | B1: Problem found | C1: How many | D1: planned fix and why
A2: Whole table | B2: Rows entered twice | C2: 30 copies | D2: remove duplicate
A3: Zones | B3: Same zones spelled many ways (cases and spaces) | C3: 39 spellings for 8 zones | D3: trim spaces then capitalize each word
A4: Tonnage | B4: Text like "17.8 tons" | C4: 24 | D4: remove the tons
A5: Tonnage | B5: Blank | C5: 15 | D5: keep them but flag it
A6: Tonnage | B6: 999 typo | C6: 5 | D6: replace the 999 with blank and flag it
A7: Fuel used | B7: Blank or N/A | C7: 26 | D7: keep them
A8: Truck IDs | B8: Blank | C8: 15 | D8: replace blanks with unknown its still needed for zone totals
A9: Missed pickups | B9: Blank | C9: 15 | D9: leave blanks and exclude from the missed pick up rates assuming 0 would make zones looks better than they are
A10: Date | B10: 3 different formats | C10: 990/15/25 | D10: convert all 3 formats to real dates. The slash date are day/month/year, so use the uk nigeria english locale

Sheet raw_data
A1: Date | B1: Zone | C1: Truck ID | D1: Trips | E1: Tonnage | F1: Fuel Used (L) | G1: Missed Pickups
A2: 2025-01-22 | B2: Alimosho | C2: ALM-04 | D2: 2 | E2: 999 | F2: 72.2 | G2: 2
A3: 2025-07-09 | B3: Mushin | C3: MSH-03 | D3: 3 | E3: 21.9 | F3: 96.0 | G3: 1
A4: 2025-03-10 | B4: Badagry | C4: BDG-01 | D4: 4 | E4: 18.6 | F4: 154.0 | G4: 2
A5: 2025-05-25 | B5: Alimosho | C5: ALM-02 | D5: 2 | E5: 15.3 | F5: 72.7 | G5: 0
A6: 2025-11-02 | B6: Epe | C6: EPE-01 | D6: 2 | E6: 8.2 | F6: 83.6 | G6: 1
A7: 2025-02-04 | B7: Ikorodu | C7: IKD-02 | D7: 2 | E7: 7.6 | F7: 91.4 | G7: 1
A8: 2025-08-09 | B8: mushin | C8: MSH-02 | D8: 3 | E8: 18.4 | F8: 139.6 | G8: 2
A9: 2025-07-27 | B9: Ikeja | C9: IKJ-03 | D9: 6 | E9: 42.5 | F9: 245.3 | G9: 1
A10: 2025-06-17 | B10: Lekki | C10: LKK-02 | D10: 4 | E10: 20.5 | F10: 181.9 | G10: 2
A11: 2025-03-04 | B11: Badagry | C11: BDG-02 | D11: 2 | E11: 7.5 | F11: 65.0 | G11: 2
A12: 2025-06-07 | B12: Ikeja | C12: IKJ-02 | D12: 3 | E12: 20.1 | F12: 117.5 | G12: 1
... A15: 2025-03-09 | B15: Alimosho | C15: ALM-03 | D15: 4 | E15: 28.7 | F15: 140.3 | G15: 2
A16: 2025-02-21 | B16: Ikeja | C16: IKJ-02 | D16: 4 | F16: 186.5 | G16: 1
A17: 2025-11-30 | B17: Mushin | C17: MSH-01 | D17: 2 | E17: 17.5 | F17: 76.3 | G17: 1
A18: 2025-11-22 | B18: Surulere | C18: SRL-01 | D18: 3 | E18: 20.4 | F18: 131.0 | G18: 0
A19: 2025-07-04 | B19: Badagry | C19: BDG-02 | D19: 4 | E19: 17.2 | F19: 193.3 | G19: 1
A20: 2025-02-26 | B20: Ikorodu | C20: IKD-01 | D20: 5 | E20: 20.7 | G20: 2
A21: 2025-11-12 | B21: Ikorodu | C21: IKD-01 | D21: 5 | E21: 24.3 | F21: 172.7 | G21: 2
A22: 2025-06-02 | B22: Epe | C22: EPE-01 | D22: 2 | E22: 6.8 | F22: 80.2 | G22: 2
A23: 2025-05-24 | B23: Ikorodu | C23: IKD-03 | D23: 4 | E23: 16.9 | F23: 152.7 | G23: 3
A24: 2025-06-09 | B24: Alimosho | C24: ALM-04 | D24: 6 | E24: 39.0 | F24: 207.4 | G24: 3
A25: 2025-01-09 | B25: Alimosho | C25: ALM-01 | D25: 2 | E25: 12.3 | F25: 80.9 | G25: 0
A26: 2025-11-21 | B26: Epe | C26: EPE-01 | D26: 2 | E26: 9.0 | F26: 73.4 | G26: 0
A27: 2025-02-28 | B27: Epe | C27: EPE-01 | D27: 3 | E27: 9.2 | F27: 115.3 | G27: 2
A28: 2025-01-23 | B28: Epe | C28: EPE-02 | D28: 6 | E28: 19.2 | F28: 244.8 | G28: 2
A29: 2025-02-25 | B29: Ikeja | C29: IKJ-01 | D29: 5 | E29: 32.1 | F29: 174.3 | G29: 6
A30: 12-Oct-25 | B30: Ikorodu | C30: IKD-02 | D30: 5 | E30: 21.1 | F30: 192.0 | G30: 1
A31: 2025-10-29 | B31: ALIMOSHO | C31: ALM-03 | D31: 4 | E31: 24.5 | F31: 167.4 | G31: 1
A32: 2025-09-17 | B32: BADAGRY | C32: BDG-02 | D32: 2 | E32: 8.0 | F32: 74.9 | G32: 4
... A36: 2025-04-30 | B36: Alimosho | C36: ALM-04 | D36: 3 | E36: 22.5 | F36: 119.1 | G36: 0
A37: 2025-04-28 | B37: Ikorodu | C37: IKD-02 | D37: 5 | F37: 187.6 | G37: 1
A38: 2025-01-08 | B38: Alimosho | C38: ALM-02 | D38: 6 | E38: 50.7 | F38: 213.0 | G38: 1
A39: 2025-01-31 | B39: Mushin | C39: MSH-02 | D39: 5 | E39: 27.9 | F39: 207.5 | G39: 1
A40: 2025-02-09 | B40: Alimosho | C40: ALM-03 | D40: 5 | E40: 34.0 | F40: 234.2 | G40: 1
A41: 2025-02-24 | B41: Ikorodu | C41: IKD-03 | D41: 3 | E41: 11.0 | F41: 135.6 | G41: 3
A42: 2025-03-11 | B42: Alimosho | C42: ALM-04 | D42: 4 | E42: 29.0 | F42: 161.6 | G42: 0
A43: 2025-12-18 | B43: Badagry | C43: BDG-02 | D43: 3 | E43: 10.4 | F43: 106.8 | G43: 7
A44: 2025-05-05 | B44: Ikeja | C44: IKJ-03 | D44: 2 | E44: 13.8 | F44: 73.4
A45: 2025-06-29 | B45: Lekki | C45: LKK-01 | D45: 3 | E45: 18.6 | F45: 115.3 | G45: 1
A46: 2025-12-09 | B46: Mushin | C46: MSH-02 | D46: 5 | E46: 42.7 | F46: 146.5 | G46: 2
A47: 2025-03-10 | B47: Badagry | C47: BDG-01 | D47: 6 | E47: 18.9 | F47: 160.6 | G47: 2
A48: 2025-05-11 | B48: IKEJA | C48: IKJ-01 | D48: 3 | E48: 19.8 | F48: 126.7 | G48: 1
A49: 2025-04-20 | B49: Surulere | C49: SRL-01 | D49: 4 | E49: 29.5 | F49: 144.4 | G49: 3
A50: 2025-06-12 | B50: Epe | C50: EPE-01 | D50: 6 | E50: 16.8 | F50: 253.9 | G50: 1
A51: 2025-12-01 | B51: Lekki | C51: LKK-01 | D51: 6 | E51: 37.2 | F51: 206.2 | G51: 2
A52: 2025-02-10 | B52: Lekki | C52: LKK-02 | D52: 2 | E52: 9.8 | F52: 93.1 | G52: 0
A53: 2025-01-12 | B53: Ikorodu | C53: IKD-02 | D53: 5 | E53: 17.2 | F53: 209.2 | G53: 1
A54: 2025-12-24 | B54: Epe | C54: EPE-01 | D54: 3 | E54: 14.2 | F54: 118.9 | G54: 1
A55: 2025-06-10 | B55: Epe | C55: EPE-01 | D55: 4 | E55: 15.1 | F55: 164.0 | G55: 6
A56: 2025-05-08 | B56: Ikorodu | C56: IKD-03 | D56: 6 | E56: 25.8 | F56: 223.8 | G56: 1
... A91: 2025-08-21 | B91: Badagry | C91: BDG-02 | D91: 6 | E91: 19.1 | F91: 221.4 | G91: 4
A92: 2025-11-11 | B92: Badagry | C92: BDG-02 | D92: 5 | F92: 182.3 | G92: 0
A93: 2025-09-10 | B93: Mushin | C93: MSH-02 | D93: 4 | E93: 23.5 | F93: 176.8 | G93: 0
A94: 2025-08-21 | B94: Ikeja | C94: IKJ-02 | D94: 3 | E94: 15.0 | F94: 116.7 | G94: 3
A95: 2025-01-15 | B95: Mushin | C95: MSH-03 | D95: 2 | E95: 12.4 | F95: 75.5 | G95: 3
A96: 2025-05-26 | B96: Ikorodu | C96: IKD-02 | D96: 5 | E96: 24.8 | F96: 187.9 | G96: 4
A97: 2025-07-08 | B97: Mushin | C97: MSH-02 | D97: 5 | E97: 29.8 | F97: 156.0 | G97: 2
A98: 2025-11-09 | B98: Epe | C98: EPE-01 | D98: 2 | E98: 8.0 | F98: 71.6 | G98: 0
A99: 2025-11-17 | B99: Ikeja | C99: IKJ-01 | D99: 2 | E99: 14.9 | F99: 83.7 | G99: 1
A100: 2025-02-08 | B100: Badagry | C100: BDG-02 | D100: 5 | E100: 19.6 | F100: 198.0 | G100: 1
A101: 2025-08-23 | B101: Alimosho | C101: ALM-03 | D101: 3 | E101: 21.4 | F101: 106.6 | G101: 0
A102: 2025-07-14 | B102: ikorodu | C102: IKD-02 | D102: 4 | E102: 17.1 | F102: 165.6 | G102: 5
A103: 2025-10-18 | B103: Ikeja | C103: IKJ-03 | D103: 3 | E103: 19.2 | F103: 103.8 | G103: 1
A104: 2025-08-05 | B104: Badagry | C104: BDG-02 | D104: 6 | E104: 17.0 | F104: 246.4 | G104: 4
... A117: 2025-09-01 | B117: Ikorodu | C117: IKD-01 | D117: 3 | E117: 12.5 | F117: 110.9 | G117: 3
A118: 2025-10-29 | B118: Surulere | C118: SRL-02 | D118: 4 | F118: 135.2 | G118: 0
A119: 2025-03-15 | B119: Ikeja | C119: IKJ-02 | D119: 5 | E119: 29.0 | F119: 161.0 | G119: 0
A120: 2025-10-09 | B120: Ikeja | C120: IKJ-01 | D120: 4 | E120: 25.8 | F120: 131.7 | G120: 1
A121: 06-Mar-25 | B121: Ikeja | C121: IKJ-03 | D121: 2 | E121: 12.1 | G121: 1
A122: 2025-09-26 | B122: Epe | C122: EPE-02 | D122: 5 | E122: 14.2 | F122: 181.3 | G122: 3
A123: 2025-03-10 | B123: Lekki | C123: LKK-02 | D123: 5 | E123: 32.7 | F123: 202.0 | G123: 1
A124: 2025-02-04 | B124: Badagry | C124: BDG-02 | D124: 5 | E124: 12.3 | F124: 220.6 | G124: 2
A125: 2025-05-27 | B125: Ikeja | C125: IKJ-01 | D125: 6 | E125: 41.7 | F125: 236.0 | G125: 3
A126: 2025-07-14 | B126: Mushin | D126: 3 | E126: 17.1 | F126: 99.6 | G126: 1
A127: 2025-05-27 | B127: Surulere | C127: SRL-01 | D127: 2 | E127: 11.4 | F127: 81.6 | G127: 1
A128: 2025-07-01 | B128: Ikorodu | C128: IKD-01 | D128: 5 | E128: 17.2 | F128: 198.0 | G128: 2
A129: 2025-06-07 | B129: Ikorodu | C129: IKD-03 | D129: 4 | E129: 14.1 | F129: 150.1 | G129: 1
A130: 2025-09-20 | B130: Epe | C130: EPE-02 | D130: 2 | E130: 6.6 | F130: 74.7 | G130: 3
A131: 2025-12-27 | B131: Mushin | C131: MSH-03 | D131: 2 | E131: 19.5 | F131: 81.5 | G131: 2
A132: 2025-09-27 | B132: Surulere | C132: SRL-01 | D132: 6 | E132: 32.3 | F132: 235.8 | G132: 0
A133: 2025-02-26 | B133: Ikorodu | C133: IKD-01 | D133: 5 | E133: 20.7 | G133: 2
A134: 2025-03-13 | B134: Badagry | C134: BDG-02 | D134: 5 | E134: 17.5 | F134: 172.9 | G134: 3
A135: 2025-09-13 | B135: Badagry | C135: BDG-01 | D135: 3 | E135: 11.1 | F135: 125.3 | G135: 1
A136: 2025-04-21 | B136: Mushin | C136: MSH-02 | D136: 3 | E136: 18.5 | F136: 106.6 | G136: 0
A137: 2025-05-17 | B137: Ikeja | C137: IKJ-02 | D137: 6 | E137: 34.5 | F137: 263.7 | G137: 0
A138: 2025-01-23 | B138: Alimosho | C138: ALM-04 | D138: 4 | E138: 22.9 | F138: 170.5 | G138: 1
A139: 2025-11-07 | B139: Alimosho | C139: ALM-01 | D139: 3 | E139: 26.4 | F139: 109.7 | G139: 3
A140: 2025-10-18 | B140: Epe | C140: EPE-01 | D140: 4 | E140: 16.5 | F140: 147.5 | G140: 6
A141: 2025-01-27 | B141: Mushin | C141: MSH-02 | D141: 6 | E141: 33.8 | F141: 288.9 | G141: 2
A142: 2025-09-30 | B142: Badagry | C142: BDG-02 | D142: 6 | E142: 31.6 | F142: 192.9 | G142: 2
A143: 2025-01-28 | B143: Lekki | C143: LKK-02 | D143: 6 | E143: 37.6 | G143: 3
A144: 2025-12-16 | B144: Ikeja | C144: IKJ-02 | D144: 6 | E144: 52.0 | F144: 226.9 | G144: 0
A145: 2025-04-23 | B145: Epe | C145: EPE-01 | D145: 4 | E145: 14.0 | F145: 156.1 | G145: 2
A146: 2025-06-04 | B146: Alimosho | C146: ALM-02 | D146: 2 | E146: 13.3 | F146: 74.3 | G146: 3
A147: 2025-03-07 | B147: LEKKI | C147: LKK-01 | D147: 3 | E147: 17.1 | F147: 118.2 | G147: 3
A148: 2025-09-03 | B148: Epe | C148: EPE-02 | D148: 6 | E148: 19.4 | F148: 241.8 | G148: 4
A149: 2025-12-05 | B149: Ikeja | C149: IKJ-02 | D149: 2 | E149: 16.2 | F149: 83.8 | G149: 2
A150: 2025-06-13 | B150: Mushin | C150: MSH-03 | D150: 4 | E150: 29.0 | F150: 150.2 | G150: 2
A151: 2025-10-31 | B151: Mushin | C151: MSH-01 | D151: 4 | E151: 27.6 | F151: 140.1 | G151: 2
...

Sheet zones_lookup
A1: Zone | B1: Supervisor | C1: Population
A2: Ikeja | B2: Mr. Adeyemi | C2: 313000
A3: Surulere | B3: Mrs. Okafor | C3: 503000
A4: Alimosho | B4: Mr. Bello | C4: 1288000
A5: Ikorodu | B5: Mrs. Eze | C5: 535000
A6: Lekki | B6: Mr. Salami | C6: 200000
A7: Mushin | B7: Mrs. Adisa | C7: 633000
A8: Epe | B8: Mr. Ogunleye | C8: 181000
A9: Badagry | B9: Mrs. Johnson | C9: 241000

Sheet Clean_data
A1: Date | B1: Zone | C1: Truck ID | D1: Trips | E1: Tonnage | F1: Fuel Used (L) | G1: Missed Pickups | H1: Month | I1: Month Name | J1: Tonage per Trip | K1: Supervisor | L1: Population
A2: 45679 | B2: Alimosho | C2: ALM-04 | D2: 2 | F2: 72.2 | G2: 2 | H2: 1 | I2: January | K2: =_xlfn.XLOOKUP(B2,zones_lookup!A:A,zones_lookup!B:B,"Not found") -> Mr. Bello | L2: =_xlfn.XLOOKUP(B2,zones_lookup!A:A,zones_lookup!C:C,"Not found") -> 1288000
A3: 45847 | B3: Mushin | C3: MSH-03 | D3: 3 | E3: 21.9 | F3: 96 | G3: 1 | H3: 7 | I3: July | J3: 7.3 | K3: =_xlfn.XLOOKUP(B3,zones_lookup!A:A,zones_lookup!B:B,"Not found") -> Mrs. Adisa | L3: =_xlfn.XLOOKUP(B3,zones_lookup!A:A,zones_lookup!C:C,"Not found") -> 633000
A4: 45726 | B4: Badagry | C4: BDG-01 | D4: 4 | E4: 18.6 | F4: 154 | G4: 2 | H4: 3 | I4: March | J4: 4.65 | K4: =_xlfn.XLOOKUP(B4,zones_lookup!A:A,zones_lookup!B:B,"Not found") -> Mrs. Johnson | L4: =_xlfn.XLOOKUP(B4,zones_lookup!A:A,zones_lookup!C:C,"Not found") -> 241000
A5: 45802 | B5: Alimosho | C5: ALM-02 | D5: 2 | E5: 15.3 | F5: 72.7 | G5: 0 | H5: 5 | I5: May | J5: 7.65 | K5: =_xlfn.XLOOKUP(B5,zones_lookup!A:A,zones_lookup!B:B,"Not found") -> Mr. Bello | L5: =_xlfn.XLOOKUP(B5,zones_lookup!A:A,zones_lookup!C:C,"Not found") -> 1288000
A6: 45963 | B6: Epe | C6: EPE-01 | D6: 2 | E6: 8.2 | F6: 83.6 | G6: 1 | H6: 11 | I6: November | J6: 4.1 | K6: =_xlfn.XLOOKUP(B6,zones_lookup!A:A,zones_lookup!B:B,"Not found") -> Mr. Ogunleye | L6: =_xlfn.XLOOKUP(B6,zones_lookup!A:A,zones_lookup!C:C,"Not found") -> 181000
A7: 45692 | B7: Ikorodu | C7: IKD-02 | D7: 2 | E7: 7.6 | F7: 91.4 | G7: 1 | H7: 2 | I7: February | J7: 3.8 | K7: =_xlfn.XLOOKUP(B7,zones_lookup!A:A,zones_lookup!B:B,"Not found") -> Mrs. Eze | L7: =_xlfn.XLOOKUP(B7,zones_lookup!A:A,zones_lookup!C:C,"Not found") -> 535000
A8: 45878 | B8: Mushin | C8: MSH-02 | D8: 3 | E8: 18.4 | F8: 139.6 | G8: 2 | H8: 8 | I8: August | J8: 6.1333333 | K8: =_xlfn.XLOOKUP(B8,zones_lookup!A:A,zones_lookup!B:B,"Not found") -> Mrs. Adisa | L8: =_xlfn.XLOOKUP(B8,zones_lookup!A:A,zones_lookup!C:C,"Not found") -> 633000
A9: 45865 | B9: Ikeja | C9: IKJ-03 | D9: 6 | E9: 42.5 | F9: 245.3 | G9: 1 | H9: 7 | I9: July | J9: 7.0833333 | K9: =_xlfn.XLOOKUP(B9,zones_lookup!A:A,zones_lookup!B:B,"Not found") -> Mr. Adeyemi | L9: =_xlfn.XLOOKUP(B9,zones_lookup!A:A,zones_lookup!C:C,"Not found") -> 313000
A10: 45825 | B10: Lekki | C10: LKK-02 | D10: 4 | E10: 20.5 | F10: 181.9 | G10: 2 | H10: 6 | I10: June | J10: 5.125 | K10: =_xlfn.XLOOKUP(B10,zones_lookup!A:A,zones_lookup!B:B,"Not found") -> Mr. Salami | L10: =_xlfn.XLOOKUP(B10,zones_lookup!A:A,zones_lookup!C:C,"Not found") -> 200000
A11: 45720 | B11: Badagry | C11: BDG-02 | D11: 2 | E11: 7.5 | F11: 65 | G11: 2 | H11: 3 | I11: March | J11: 3.75 | K11: =_xlfn.XLOOKUP(B11,zones_lookup!A:A,zones_lookup!B:B,"Not found") -> Mrs. Johnson | L11: =_xlfn.XLOOKUP(B11,zones_lookup!A:A,zones_lookup!C:C,"Not found") -> 241000
A12: 45815 | B12: Ikeja | C12: IKJ-02 | D12: 3 | E12: 20.1 | F12: 117.5 | G12: 1 | H12: 6 | I12: June | J12: 6.7 | K12: =_xlfn.XLOOKUP(B12,zones_lookup!A:A,zones_lookup!B:B,"Not found") -> Mr. Adeyemi | L12: =_xlfn.XLOOKUP(B12,zones_lookup!A:A,zones_lookup!C:C,"Not found") -> 313000
A13: 45758 | B13: Epe | C13: EPE-01 | D13: 6 | E13: 22.9 | F13: 255.3 | G13: 2 | H13: 4 | I13: April | J13: 3.8166667 | K13: =_xlfn.XLOOKUP(B13,zones_lookup!A:A,zones_lookup!B:B,"Not found") -> Mr. Ogunleye | L13: =_xlfn.XLOOKUP(B13,zones_lookup!A:A,zones_lookup!C:C,"Not found") -> 181000
A14: 45810 | B14: Mushin | C14: MSH-03 | D14: 5 | E14: 33.9 | F14: 169.5 | G14: 1 | H14: 6 | I14: June | J14: 6.78 | K14: =_xlfn.XLOOKUP(B14,zones_lookup!A:A,zones_lookup!B:B,"Not found") -> Mrs. Adisa | L14: =_xlfn.XLOOKUP(B14,zones_lookup!A:A,zones_lookup!C:C,"Not found") -> 633000
A15: 45725 | B15: Alimosho | C15: ALM-03 | D15: 4 | E15: 28.7 | F15: 140.3 | G15: 2 | H15: 3 | I15: March | J15: 7.175 | K15: =_xlfn.XLOOKUP(B15,zones_lookup!A:A,zones_lookup!B:B,"Not found") -> Mr. Bello | L15: =_xlfn.XLOOKUP(B15,zones_lookup!A:A,zones_lookup!C:C,"Not found") -> 1288000
A16: 45709 | B16: Ikeja | C16: IKJ-02 | D16: 4 | F16: 186.5 | G16: 1 | H16: 2 | I16: February | K16: =_xlfn.XLOOKUP(B16,zones_lookup!A:A,zones_lookup!B:B,"Not found") -> Mr. Adeyemi | L16: =_xlfn.XLOOKUP(B16,zones_lookup!A:A,zones_lookup!C:C,"Not found") -> 313000
A17: 45991 | B17: Mushin | C17: MSH-01 | D17: 2 | E17: 17.5 | F17: 76.3 | G17: 1 | H17: 11 | I17: November | J17: 8.75 | K17: =_xlfn.XLOOKUP(B17,zones_lookup!A:A,zones_lookup!B:B,"Not found") -> Mrs. Adisa | L17: =_xlfn.XLOOKUP(B17,zones_lookup!A:A,zones_lookup!C:C,"Not found") -> 633000
A18: 45983 | B18: Surulere | C18: SRL-01 | D18: 3 | E18: 20.4 | F18: 131 | G18: 0 | H18: 11 | I18: November | J18: 6.8 | K18: =_xlfn.XLOOKUP(B18,zones_lookup!A:A,zones_lookup!B:B,"Not found") -> Mrs. Okafor | L18: =_xlfn.XLOOKUP(B18,zones_lookup!A:A,zones_lookup!C:C,"Not found") -> 503000
A19: 45842 | B19: Badagry | C19: BDG-02 | D19: 4 | E19: 17.2 | F19: 193.3 | G19: 1 | H19: 7 | I19: July | J19: 4.3 | K19: =_xlfn.XLOOKUP(B19,zones_lookup!A:A,zones_lookup!B:B,"Not found") -> Mrs. Johnson | L19: =_xlfn.XLOOKUP(B19,zones_lookup!A:A,zones_lookup!C:C,"Not found") -> 241000
A20: 45714 | B20: Ikorodu | C20: IKD-01 | D20: 5 | E20: 20.7 | G20: 2 | H20: 2 | I20: February | J20: 4.14 | K20: =_xlfn.XLOOKUP(B20,zones_lookup!A:A,zones_lookup!B:B,"Not found") -> Mrs. Eze | L20: =_xlfn.XLOOKUP(B20,zones_lookup!A:A,zones_lookup!C:C,"Not found") -> 535000
A21: 45973 | B21: Ikorodu | C21: IKD-01 | D21: 5 | E21: 24.3 | F21: 172.7 | G21: 2 | H21: 11 | I21: November | J21: 4.86 | K21: =_xlfn.XLOOKUP(B21,zones_lookup!A:A,zones_lookup!B:B,"Not found") -> Mrs. Eze | L21: =_xlfn.XLOOKUP(B21,zones_lookup!A:A,zones_lookup!C:C,"Not found") -> 535000
A22: 45810 | B22: Epe | C22: EPE-01 | D22: 2 | E22: 6.8 | F22: 80.2 | G22: 2 | H22: 6 | I22: June | J22: 3.4 | K22: =_xlfn.XLOOKUP(B22,zones_lookup!A:A,zones_lookup!B:B,"Not found") -> Mr. Ogunleye | L22: =_xlfn.XLOOKUP(B22,zones_lookup!A:A,zones_lookup!C:C,"Not found") -> 181000
A23: 45801 | B23: Ikorodu | C23: IKD-03 | D23: 4 | E23: 16.9 | F23: 152.7 | G23: 3 | H23: 5 | I23: May | J23: 4.225 | K23: =_xlfn.XLOOKUP(B23,zones_lookup!A:A,zones_lookup!B:B,"Not found") -> Mrs. Eze | L23: =_xlfn.XLOOKUP(B23,zones_lookup!A:A,zones_lookup!C:C,"Not found") -> 535000
A24: 45817 | B24: Alimosho | C24: ALM-04 | D24: 6 | E24: 39 | F24: 207.4 | G24: 3 | H24: 6 | I24: June | J24: 6.5 | K24: =_xlfn.XLOOKUP(B24,zones_lookup!A:A,zones_lookup!B:B,"Not found") -> Mr. Bello | L24: =_xlfn.XLOOKUP(B24,zones_lookup!A:A,zones_lookup!C:C,"Not found") -> 1288000
A25: 45666 | B25: Alimosho | C25: ALM-01 | D25: 2 | E25: 12.3 | F25: 80.9 | G25: 0 | H25: 1 | I25: January | J25: 6.15 | K25: =_xlfn.XLOOKUP(B25,zones_lookup!A:A,zones_lookup!B:B,"Not found") -> Mr. Bello | L25: =_xlfn.XLOOKUP(B25,zones_lookup!A:A,zones_lookup!C:C,"Not found") -> 1288000
A26: 45982 | B26: Epe | C26: EPE-01 | D26: 2 | E26: 9 | F26: 73.4 | G26: 0 | H26: 11 | I26: November | J26: 4.5 | K26: =_xlfn.XLOOKUP(B26,zones_lookup!A:A,zones_lookup!B:B,"Not found") -> Mr. Ogunleye | L26: =_xlfn.XLOOKUP(B26,zones_lookup!A:A,zones_lookup!C:C,"Not found") -> 181000
A27: 45716 | B27: Epe | C27: EPE-01 | D27: 3 | E27: 9.2 | F27: 115.3 | G27: 2 | H27: 2 | I27: February | J27: 3.0666667 | K27: =_xlfn.XLOOKUP(B27,zones_lookup!A:A,zones_lookup!B:B,"Not found") -> Mr. Ogunleye | L27: =_xlfn.XLOOKUP(B27,zones_lookup!A:A,zones_lookup!C:C,"Not found") -> 181000
A28: 45680 | B28: Epe | C28: EPE-02 | D28: 6 | E28: 19.2 | F28: 244.8 | G28: 2 | H28: 1 | I28: January | J28: 3.2 | K28: =_xlfn.XLOOKUP(B28,zones_lookup!A:A,zones_lookup!B:B,"Not found") -> Mr. Ogunleye | L28: =_xlfn.XLOOKUP(B28,zones_lookup!A:A,zones_lookup!C:C,"Not found") -> 181000
A29: 45713 | B29: Ikeja | C29: IKJ-01 | D29: 5 | E29: 32.1 | F29: 174.3 | G29: 6 | H29: 2 | I29: February | J29: 6.42 | K29: =_xlfn.XLOOKUP(B29,zones_lookup!A:A,zones_lookup!B:B,"Not found") -> Mr. Adeyemi | L29: =_xlfn.XLOOKUP(B29,zones_lookup!A:A,zones_lookup!C:C,"Not found") -> 313000
A30: 45942 | B30: Ikorodu | C30: IKD-02 | D30: 5 | E30: 21.1 | F30: 192 | G30: 1 | H30: 10 | I30: October | J30: 4.22 | K30: =_xlfn.XLOOKUP(B30,zones_lookup!A:A,zones_lookup!B:B,"Not found") -> Mrs. Eze | L30: =_xlfn.XLOOKUP(B30,zones_lookup!A:A,zones_lookup!C:C,"Not found") -> 535000
A31: 45959 | B31: Alimosho | C31: ALM-03 | D31: 4 | E31: 24.5 | F31: 167.4 | G31: 1 | H31: 10 | I31: October | J31: 6.125 | K31: =_xlfn.XLOOKUP(B31,zones_lookup!A:A,zones_lookup!B:B,"Not found") -> Mr. Bello | L31: =_xlfn.XLOOKUP(B31,zones_lookup!A:A,zones_lookup!C:C,"Not found") -> 1288000
A32: 45917 | B32: Badagry | C32: BDG-02 | D32: 2 | E32: 8 | F32: 74.9 | G32: 4 | H32: 9 | I32: September | J32: 4 | K32: =_xlfn.XLOOKUP(B32,zones_lookup!A:A,zones_lookup!B:B,"Not found") -> Mrs. Johnson | L32: =_xlfn.XLOOKUP(B32,zones_lookup!A:A,zones_lookup!C:C,"Not found") -> 241000
A33: 45720 | B33: Epe | C33: EPE-02 | D33: 5 | E33: 19.9 | G33: 2 | H33: 3 | I33: March | J33: 3.98 | K33: =_xlfn.XLOOKUP(B33,zones_lookup!A:A,zones_lookup!B:B,"Not found") -> Mr. Ogunleye | L33: =_xlfn.XLOOKUP(B33,zones_lookup!A:A,zones_lookup!C:C,"Not found") -> 181000
A34: 45925 | B34: Epe | C34: EPE-01 | D34: 2 | E34: 7.9 | F34: 90.2 | G34: 1 | H34: 9 | I34: September | J34: 3.95 | K34: =_xlfn.XLOOKUP(B34,zones_lookup!A:A,zones_lookup!B:B,"Not found") -> Mr. Ogunleye | L34: =_xlfn.XLOOKUP(B34,zones_lookup!A:A,zones_lookup!C:C,"Not found") -> 181000
A35: 45731 | B35: Ikeja | C35: IKJ-03 | D35: 4 | E35: 25.4 | F35: 175.4 | G35: 0 | H35: 3 | I35: March | J35: 6.35 | K35: =_xlfn.XLOOKUP(B35,zones_lookup!A:A,zones_lookup!B:B,"Not found") -> Mr. Adeyemi | L35: =_xlfn.XLOOKUP(B35,zones_lookup!A:A,zones_lookup!C:C,"Not found") -> 313000
A36: 45777 | B36: Alimosho | C36: ALM-04 | D36: 3 | E36: 22.5 | F36: 119.1 | G36: 0 | H36: 4 | I36: April | J36: 7.5 | K36: =_xlfn.XLOOKUP(B36,zones_lookup!A:A,zones_lookup!B:B,"Not found") -> Mr. Bello | L36: =_xlfn.XLOOKUP(B36,zones_lookup!A:A,zones_lookup!C:C,"Not found") -> 1288000
A37: 45775 | B37: Ikorodu | C37: IKD-02 | D37: 5 | F37: 187.6 | G37: 1 | H37: 4 | I37: April | K37: =_xlfn.XLOOKUP(B37,zones_lookup!A:A,zones_lookup!B:B,"Not found") -> Mrs. Eze | L37: =_xlfn.XLOOKUP(B37,zones_lookup!A:A,zones_lookup!C:C,"Not found") -> 535000
A38: 45665 | B38: Alimosho | C38: ALM-02 | D38: 6 | E38: 50.7 | F38: 213 | G38: 1 | H38: 1 | I38: January | J38: 8.45 | K38: =_xlfn.XLOOKUP(B38,zones_lookup!A:A,zones_lookup!B:B,"Not found") -> Mr. Bello | L38: =_xlfn.XLOOKUP(B38,zones_lookup!A:A,zones_lookup!C:C,"Not found") -> 1288000
A39: 45688 | B39: Mushin | C39: MSH-02 | D39: 5 | E39: 27.9 | F39: 207.5 | G39: 1 | H39: 1 | I39: January | J39: 5.58 | K39: =_xlfn.XLOOKUP(B39,zones_lookup!A:A,zones_lookup!B:B,"Not found") -> Mrs. Adisa | L39: =_xlfn.XLOOKUP(B39,zones_lookup!A:A,zones_lookup!C:C,"Not found") -> 633000
A40: 45697 | B40: Alimosho | C40: ALM-03 | D40: 5 | E40: 34 | F40: 234.2 | G40: 1 | H40: 2 | I40: February | J40: 6.8 | K40: =_xlfn.XLOOKUP(B40,zones_lookup!A:A,zones_lookup!B:B,"Not found") -> Mr. Bello | L40: =_xlfn.XLOOKUP(B40,zones_lookup!A:A,zones_lookup!C:C,"Not found") -> 1288000
A41: 45712 | B41: Ikorodu | C41: IKD-03 | D41: 3 | E41: 11 | F41: 135.6 | G41: 3 | H41: 2 | I41: February | J41: 3.6666667 | K41: =_xlfn.XLOOKUP(B41,zones_lookup!A:A,zones_lookup!B:B,"Not found") -> Mrs. Eze | L41: =_xlfn.XLOOKUP(B41,zones_lookup!A:A,zones_lookup!C:C,"Not found") -> 535000
A42: 45727 | B42: Alimosho | C42: ALM-04 | D42: 4 | E42: 29 | F42: 161.6 | G42: 0 | H42: 3 | I42: March | J42: 7.25 | K42: =_xlfn.XLOOKUP(B42,zones_lookup!A:A,zones_lookup!B:B,"Not found") -> Mr. Bello | L42: =_xlfn.XLOOKUP(B42,zones_lookup!A:A,zones_lookup!C:C,"Not found") -> 1288000
A43: 46009 | B43: Badagry | C43: BDG-02 | D43: 3 | E43: 10.4 | F43: 106.8 | G43: 7 | H43: 12 | I43: December | J43: 3.4666667 | K43: =_xlfn.XLOOKUP(B43,zones_lookup!A:A,zones_lookup!B:B,"Not found") -> Mrs. Johnson | L43: =_xlfn.XLOOKUP(B43,zones_lookup!A:A,zones_lookup!C:C,"Not found") -> 241000
A44: 45782 | B44: Ikeja | C44: IKJ-03 | D44: 2 | E44: 13.8 | F44: 73.4 | H44: 5 | I44: May | J44: 6.9 | K44: =_xlfn.XLOOKUP(B44,zones_lookup!A:A,zones_lookup!B:B,"Not found") -> Mr. Adeyemi | L44: =_xlfn.XLOOKUP(B44,zones_lookup!A:A,zones_lookup!C:C,"Not found") -> 313000
A45: 45837 | B45: Lekki | C45: LKK-01 | D45: 3 | E45: 18.6 | F45: 115.3 | G45: 1 | H45: 6 | I45: June | J45: 6.2 | K45: =_xlfn.XLOOKUP(B45,zones_lookup!A:A,zones_lookup!B:B,"Not found") -> Mr. Salami | L45: =_xlfn.XLOOKUP(B45,zones_lookup!A:A,zones_lookup!C:C,"Not found") -> 200000
A46: 46000 | B46: Mushin | C46: MSH-02 | D46: 5 | E46: 42.7 | F46: 146.5 | G46: 2 | H46: 12 | I46: December | J46: 8.54 | K46: =_xlfn.XLOOKUP(B46,zones_lookup!A:A,zones_lookup!B:B,"Not found") -> Mrs. Adisa | L46: =_xlfn.XLOOKUP(B46,zones_lookup!A:A,zones_lookup!C:C,"Not found") -> 633000
A47: 45726 | B47: Badagry | C47: BDG-01 | D47: 6 | E47: 18.9 | F47: 160.6 | G47: 2 | H47: 3 | I47: March | J47: 3.15 | K47: =_xlfn.XLOOKUP(B47,zones_lookup!A:A,zones_lookup!B:B,"Not found") -> Mrs. Johnson | L47: =_xlfn.XLOOKUP(B47,zones_lookup!A:A,zones_lookup!C:C,"Not found") -> 241000
A48: 45788 | B48: Ikeja | C48: IKJ-01 | D48: 3 | E48: 19.8 | F48: 126.7 | G48: 1 | H48: 5 | I48: May | J48: 6.6 | K48: =_xlfn.XLOOKUP(B48,zones_lookup!A:A,zones_lookup!B:B,"Not found") -> Mr. Adeyemi | L48: =_xlfn.XLOOKUP(B48,zones_lookup!A:A,zones_lookup!C:C,"Not found") -> 313000
A49: 45767 | B49: Surulere | C49: SRL-01 | D49: 4 | E49: 29.5 | F49: 144.4 | G49: 3 | H49: 4 | I49: April | J49: 7.375 | K49: =_xlfn.XLOOKUP(B49,zones_lookup!A:A,zones_lookup!B:B,"Not found") -> Mrs. Okafor | L49: =_xlfn.XLOOKUP(B49,zones_lookup!A:A,zones_lookup!C:C,"Not found") -> 503000
A50: 45820 | B50: Epe | C50: EPE-01 | D50: 6 | E50: 16.8 | F50: 253.9 | G50: 1 | H50: 6 | I50: June | J50: 2.8 | K50: =_xlfn.XLOOKUP(B50,zones_lookup!A:A,zones_lookup!B:B,"Not found") -> Mr. Ogunleye | L50: =_xlfn.XLOOKUP(B50,zones_lookup!A:A,zones_lookup!C:C,"Not found") -> 181000
A51: 45992 | B51: Lekki | C51: LKK-01 | D51: 6 | E51: 37.2 | F51: 206.2 | G51: 2 | H51: 12 | I51: December | J51: 6.2 | K51: =_xlfn.XLOOKUP(B51,zones_lookup!A:A,zones_lookup!B:B,"Not found") -> Mr. Salami | L51: =_xlfn.XLOOKUP(B51,zones_lookup!A:A,zones_lookup!C:C,"Not found") -> 200000
A52: 45698 | B52: Lekki | C52: LKK-02 | D52: 2 | E52: 9.8 | F52: 93.1 | G52: 0 | H52: 2 | I52: February | J52: 4.9 | K52: =_xlfn.XLOOKUP(B52,zones_lookup!A:A,zones_lookup!B:B,"Not found") -> Mr. Salami | L52: =_xlfn.XLOOKUP(B52,zones_lookup!A:A,zones_lookup!C:C,"Not found") -> 200000
A53: 45669 | B53: Ikorodu | C53: IKD-02 | D53: 5 | E53: 17.2 | F53: 209.2 | G53: 1 | H53: 1 | I53: January | J53: 3.44 | K53: =_xlfn.XLOOKUP(B53,zones_lookup!A:A,zones_lookup!B:B,"Not found") -> Mrs. Eze | L53: =_xlfn.XLOOKUP(B53,zones_lookup!A:A,zones_lookup!C:C,"Not found") -> 535000
A54: 46015 | B54: Epe | C54: EPE-01 | D54: 3 | E54: 14.2 | F54: 118.9 | G54: 1 | H54: 12 | I54: December | J54: 4.7333333 | K54: =_xlfn.XLOOKUP(B54,zones_lookup!A:A,zones_lookup!B:B,"Not found") -> Mr. Ogunleye | L54: =_xlfn.XLOOKUP(B54,zones_lookup!A:A,zones_lookup!C:C,"Not found") -> 181000
A55: 45818 | B55: Epe | C55: EPE-01 | D55: 4 | E55: 15.1 | F55: 164 | G55: 6 | H55: 6 | I55: June | J55: 3.775 | K55: =_xlfn.XLOOKUP(B55,zones_lookup!A:A,zones_lookup!B:B,"Not found") -> Mr. Ogunleye | L55: =_xlfn.XLOOKUP(B55,zones_lookup!A:A,zones_lookup!C:C,"Not found") -> 181000
A56: 45785 | B56: Ikorodu | C56: IKD-03 | D56: 6 | E56: 25.8 | F56: 223.8 | G56: 1 | H56: 5 | I56: May | J56: 4.3 | K56: =_xlfn.XLOOKUP(B56,zones_lookup!A:A,zones_lookup!B:B,"Not found") -> Mrs. Eze | L56: =_xlfn.XLOOKUP(B56,zones_lookup!A:A,zones_lookup!C:C,"Not found") -> 535000
... A91: 45890 | B91: Badagry | C91: BDG-02 | D91: 6 | E91: 19.1 | F91: 221.4 | G91: 4 | H91: 8 | I91: August | J91: 3.1833333 | K91: =_xlfn.XLOOKUP(B91,zones_lookup!A:A,zones_lookup!B:B,"Not found") -> Mrs. Johnson | L91: =_xlfn.XLOOKUP(B91,zones_lookup!A:A,zones_lookup!C:C,"Not found") -> 241000
A92: 45972 | B92: Badagry | C92: BDG-02 | D92: 5 | F92: 182.3 | G92: 0 | H92: 11 | I92: November | K92: =_xlfn.XLOOKUP(B92,zones_lookup!A:A,zones_lookup!B:B,"Not found") -> Mrs. Johnson | L92: =_xlfn.XLOOKUP(B92,zones_lookup!A:A,zones_lookup!C:C,"Not found") -> 241000
A93: 45910 | B93: Mushin | C93: MSH-02 | D93: 4 | E93: 23.5 | F93: 176.8 | G93: 0 | H93: 9 | I93: September | J93: 5.875 | K93: =_xlfn.XLOOKUP(B93,zones_lookup!A:A,zones_lookup!B:B,"Not found") -> Mrs. Adisa | L93: =_xlfn.XLOOKUP(B93,zones_lookup!A:A,zones_lookup!C:C,"Not found") -> 633000
A94: 45890 | B94: Ikeja | C94: IKJ-02 | D94: 3 | E94: 15 | F94: 116.7 | G94: 3 | H94: 8 | I94: August | J94: 5 | K94: =_xlfn.XLOOKUP(B94,zones_lookup!A:A,zones_lookup!B:B,"Not found") -> Mr. Adeyemi | L94: =_xlfn.XLOOKUP(B94,zones_lookup!A:A,zones_lookup!C:C,"Not found") -> 313000
A95: 45672 | B95: Mushin | C95: MSH-03 | D95: 2 | E95: 12.4 | F95: 75.5 | G95: 3 | H95: 1 | I95: January | J95: 6.2 | K95: =_xlfn.XLOOKUP(B95,zones_lookup!A:A,zones_lookup!B:B,"Not found") -> Mrs. Adisa | L95: =_xlfn.XLOOKUP(B95,zones_lookup!A:A,zones_lookup!C:C,"Not found") -> 633000
A96: 45803 | B96: Ikorodu | C96: IKD-02 | D96: 5 | E96: 24.8 | F96: 187.9 | G96: 4 | H96: 5 | I96: May | J96: 4.96 | K96: =_xlfn.XLOOKUP(B96,zones_lookup!A:A,zones_lookup!B:B,"Not found") -> Mrs. Eze | L96: =_xlfn.XLOOKUP(B96,zones_lookup!A:A,zones_lookup!C:C,"Not found") -> 535000
A97: 45846 | B97: Mushin | C97: MSH-02 | D97: 5 | E97: 29.8 | F97: 156 | G97: 2 | H97: 7 | I97: July | J97: 5.96 | K97: =_xlfn.XLOOKUP(B97,zones_lookup!A:A,zones_lookup!B:B,"Not found") -> Mrs. Adisa | L97: =_xlfn.XLOOKUP(B97,zones_lookup!A:A,zones_lookup!C:C,"Not found") -> 633000
A98: 45970 | B98: Epe | C98: EPE-01 | D98: 2 | E98: 8 | F98: 71.6 | G98: 0 | H98: 11 | I98: November | J98: 4 | K98: =_xlfn.XLOOKUP(B98,zones_lookup!A:A,zones_lookup!B:B,"Not found") -> Mr. Ogunleye | L98: =_xlfn.XLOOKUP(B98,zones_lookup!A:A,zones_lookup!C:C,"Not found") -> 181000
A99: 45978 | B99: Ikeja | C99: IKJ-01 | D99: 2 | E99: 14.9 | F99: 83.7 | G99: 1 | H99: 11 | I99: November | J99: 7.45 | K99: =_xlfn.XLOOKUP(B99,zones_lookup!A:A,zones_lookup!B:B,"Not found") -> Mr. Adeyemi | L99: =_xlfn.XLOOKUP(B99,zones_lookup!A:A,zones_lookup!C:C,"Not found") -> 313000
A100: 45696 | B100: Badagry | C100: BDG-02 | D100: 5 | E100: 19.6 | F100: 198 | G100: 1 | H100: 2 | I100: February | J100: 3.92 | K100: =_xlfn.XLOOKUP(B100,zones_lookup!A:A,zones_lookup!B:B,"Not found") -> Mrs. Johnson | L100: =_xlfn.XLOOKUP(B100,zones_lookup!A:A,zones_lookup!C:C,"Not found") -> 241000
A101: 45892 | B101: Alimosho | C101: ALM-03 | D101: 3 | E101: 21.4 | F101: 106.6 | G101: 0 | H101: 8 | I101: August | J101: 7.1333333 | K101: =_xlfn.XLOOKUP(B101,zones_lookup!A:A,zones_lookup!B:B,"Not found") -> Mr. Bello | L101: =_xlfn.XLOOKUP(B101,zones_lookup!A:A,zones_lookup!C:C,"Not found") -> 1288000
A102: 45852 | B102: Ikorodu | C102: IKD-02 | D102: 4 | E102: 17.1 | F102: 165.6 | G102: 5 | H102: 7 | I102: July | J102: 4.275 | K102: =_xlfn.XLOOKUP(B102,zones_lookup!A:A,zones_lookup!B:B,"Not found") -> Mrs. Eze | L102: =_xlfn.XLOOKUP(B102,zones_lookup!A:A,zones_lookup!C:C,"Not found") -> 535000
A103: 45948 | B103: Ikeja | C103: IKJ-03 | D103: 3 | E103: 19.2 | F103: 103.8 | G103: 1 | H103: 10 | I103: October | J103: 6.4 | K103: =_xlfn.XLOOKUP(B103,zones_lookup!A:A,zones_lookup!B:B,"Not found") -> Mr. Adeyemi | L103: =_xlfn.XLOOKUP(B103,zones_lookup!A:A,zones_lookup!C:C,"Not found") -> 313000
A104: 45874 | B104: Badagry | C104: BDG-02 | D104: 6 | E104: 17 | F104: 246.4 | G104: 4 | H104: 8 | I104: August | J104: 2.8333333 | K104: =_xlfn.XLOOKUP(B104,zones_lookup!A:A,zones_lookup!B:B,"Not found") -> Mrs. Johnson | L104: =_xlfn.XLOOKUP(B104,zones_lookup!A:A,zones_lookup!C:C,"Not found") -> 241000
... A117: 45901 | B117: Ikorodu | C117: IKD-01 | D117: 3 | E117: 12.5 | F117: 110.9 | G117: 3 | H117: 9 | I117: September | J117: 4.1666667 | K117: =_xlfn.XLOOKUP(B117,zones_lookup!A:A,zones_lookup!B:B,"Not found") -> Mrs. Eze | L117: =_xlfn.XLOOKUP(B117,zones_lookup!A:A,zones_lookup!C:C,"Not found") -> 535000
A118: 45959 | B118: Surulere | C118: SRL-02 | D118: 4 | F118: 135.2 | G118: 0 | H118: 10 | I118: October | K118: =_xlfn.XLOOKUP(B118,zones_lookup!A:A,zones_lookup!B:B,"Not found") -> Mrs. Okafor | L118: =_xlfn.XLOOKUP(B118,zones_lookup!A:A,zones_lookup!C:C,"Not found") -> 503000
A119: 45731 | B119: Ikeja | C119: IKJ-02 | D119: 5 | E119: 29 | F119: 161 | G119: 0 | H119: 3 | I119: March | J119: 5.8 | K119: =_xlfn.XLOOKUP(B119,zones_lookup!A:A,zones_lookup!B:B,"Not found") -> Mr. Adeyemi | L119: =_xlfn.XLOOKUP(B119,zones_lookup!A:A,zones_lookup!C:C,"Not found") -> 313000
A120: 45939 | B120: Ikeja | C120: IKJ-01 | D120: 4 | E120: 25.8 | F120: 131.7 | G120: 1 | H120: 10 | I120: October | J120: 6.45 | K120: =_xlfn.XLOOKUP(B120,zones_lookup!A:A,zones_lookup!B:B,"Not found") -> Mr. Adeyemi | L120: =_xlfn.XLOOKUP(B120,zones_lookup!A:A,zones_lookup!C:C,"Not found") -> 313000
A121: 45722 | B121: Ikeja | C121: IKJ-03 | D121: 2 | E121: 12.1 | G121: 1 | H121: 3 | I121: March | J121: 6.05 | K121: =_xlfn.XLOOKUP(B121,zones_lookup!A:A,zones_lookup!B:B,"Not found") -> Mr. Adeyemi | L121: =_xlfn.XLOOKUP(B121,zones_lookup!A:A,zones_lookup!C:C,"Not found") -> 313000
A122: 45926 | B122: Epe | C122: EPE-02 | D122: 5 | E122: 14.2 | F122: 181.3 | G122: 3 | H122: 9 | I122: September | J122: 2.84 | K122: =_xlfn.XLOOKUP(B122,zones_lookup!A:A,zones_lookup!B:B,"Not found") -> Mr. Ogunleye | L122: =_xlfn.XLOOKUP(B122,zones_lookup!A:A,zones_lookup!C:C,"Not found") -> 181000
A123: 45726 | B123: Lekki | C123: LKK-02 | D123: 5 | E123: 32.7 | F123: 202 | G123: 1 | H123: 3 | I123: March | J123: 6.54 | K123: =_xlfn.XLOOKUP(B123,zones_lookup!A:A,zones_lookup!B:B,"Not found") -> Mr. Salami | L123: =_xlfn.XLOOKUP(B123,zones_lookup!A:A,zones_lookup!C:C,"Not found") -> 200000
A124: 45692 | B124: Badagry | C124: BDG-02 | D124: 5 | E124: 12.3 | F124: 220.6 | G124: 2 | H124: 2 | I124: February | J124: 2.46 | K124: =_xlfn.XLOOKUP(B124,zones_lookup!A:A,zones_lookup!B:B,"Not found") -> Mrs. Johnson | L124: =_xlfn.XLOOKUP(B124,zones_lookup!A:A,zones_lookup!C:C,"Not found") -> 241000
A125: 45804 | B125: Ikeja | C125: IKJ-01 | D125: 6 | E125: 41.7 | F125: 236 | G125: 3 | H125: 5 | I125: May | J125: 6.95 | K125: =_xlfn.XLOOKUP(B125,zones_lookup!A:A,zones_lookup!B:B,"Not found") -> Mr. Adeyemi | L125: =_xlfn.XLOOKUP(B125,zones_lookup!A:A,zones_lookup!C:C,"Not found") -> 313000
A126: 45852 | B126: Mushin | D126: 3 | E126: 17.1 | F126: 99.6 | G126: 1 | H126: 7 | I126: July | J126: 5.7 | K126: =_xlfn.XLOOKUP(B126,zones_lookup!A:A,zones_lookup!B:B,"Not found") -> Mrs. Adisa | L126: =_xlfn.XLOOKUP(B126,zones_lookup!A:A,zones_lookup!C:C,"Not found") -> 633000
A127: 45804 | B127: Surulere | C127: SRL-01 | D127: 2 | E127: 11.4 | F127: 81.6 | G127: 1 | H127: 5 | I127: May | J127: 5.7 | K127: =_xlfn.XLOOKUP(B127,zones_lookup!A:A,zones_lookup!B:B,"Not found") -> Mrs. Okafor | L127: =_xlfn.XLOOKUP(B127,zones_lookup!A:A,zones_lookup!C:C,"Not found") -> 503000
A128: 45839 | B128: Ikorodu | C128: IKD-01 | D128: 5 | E128: 17.2 | F128: 198 | G128: 2 | H128: 7 | I128: July | J128: 3.44 | K128: =_xlfn.XLOOKUP(B128,zones_lookup!A:A,zones_lookup!B:B,"Not found") -> Mrs. Eze | L128: =_xlfn.XLOOKUP(B128,zones_lookup!A:A,zones_lookup!C:C,"Not found") -> 535000
A129: 45815 | B129: Ikorodu | C129: IKD-03 | D129: 4 | E129: 14.1 | F129: 150.1 | G129: 1 | H129: 6 | I129: June | J129: 3.525 | K129: =_xlfn.XLOOKUP(B129,zones_lookup!A:A,zones_lookup!B:B,"Not found") -> Mrs. Eze | L129: =_xlfn.XLOOKUP(B129,zones_lookup!A:A,zones_lookup!C:C,"Not found") -> 535000
A130: 45920 | B130: Epe | C130: EPE-02 | D130: 2 | E130: 6.6 | F130: 74.7 | G130: 3 | H130: 9 | I130: September | J130: 3.3 | K130: =_xlfn.XLOOKUP(B130,zones_lookup!A:A,zones_lookup!B:B,"Not found") -> Mr. Ogunleye | L130: =_xlfn.XLOOKUP(B130,zones_lookup!A:A,zones_lookup!C:C,"Not found") -> 181000
A131: 46018 | B131: Mushin | C131: MSH-03 | D131: 2 | E131: 19.5 | F131: 81.5 | G131: 2 | H131: 12 | I131: December | J131: 9.75 | K131: =_xlfn.XLOOKUP(B131,zones_lookup!A:A,zones_lookup!B:B,"Not found") -> Mrs. Adisa | L131: =_xlfn.XLOOKUP(B131,zones_lookup!A:A,zones_lookup!C:C,"Not found") -> 633000
A132: 45927 | B132: Surulere | C132: SRL-01 | D132: 6 | E132: 32.3 | F132: 235.8 | G132: 0 | H132: 9 | I132: September | J132: 5.3833333 | K132: =_xlfn.XLOOKUP(B132,zones_lookup!A:A,zones_lookup!B:B,"Not found") -> Mrs. Okafor | L132: =_xlfn.XLOOKUP(B132,zones_lookup!A:A,zones_lookup!C:C,"Not found") -> 503000
A133: 45729 | B133: Badagry | C133: BDG-02 | D133: 5 | E133: 17.5 | F133: 172.9 | G133: 3 | H133: 3 | I133: March | J133: 3.5 | K133: =_xlfn.XLOOKUP(B133,zones_lookup!A:A,zones_lookup!B:B,"Not found") -> Mrs. Johnson | L133: =_xlfn.XLOOKUP(B133,zones_lookup!A:A,zones_lookup!C:C,"Not found") -> 241000
A134: 45913 | B134: Badagry | C134: BDG-01 | D134: 3 | E134: 11.1 | F134: 125.3 | G134: 1 | H134: 9 | I134: September | J134: 3.7 | K134: =_xlfn.XLOOKUP(B134,zones_lookup!A:A,zones_lookup!B:B,"Not found") -> Mrs. Johnson | L134: =_xlfn.XLOOKUP(B134,zones_lookup!A:A,zones_lookup!C:C,"Not found") -> 241000
A135: 45768 | B135: Mushin | C135: MSH-02 | D135: 3 | E135: 18.5 | F135: 106.6 | G135: 0 | H135: 4 | I135: April | J135: 6.1666667 | K135: =_xlfn.XLOOKUP(B135,zones_lookup!A:A,zones_lookup!B:B,"Not found") -> Mrs. Adisa | L135: =_xlfn.XLOOKUP(B135,zones_lookup!A:A,zones_lookup!C:C,"Not found") -> 633000
A136: 45794 | B136: Ikeja | C136: IKJ-02 | D136: 6 | E136: 34.5 | F136: 263.7 | G136: 0 | H136: 5 | I136: May | J136: 5.75 | K136: =_xlfn.XLOOKUP(B136,zones_lookup!A:A,zones_lookup!B:B,"Not found") -> Mr. Adeyemi | L136: =_xlfn.XLOOKUP(B136,zones_lookup!A:A,zones_lookup!C:C,"Not found") -> 313000
A137: 45680 | B137: Alimosho | C137: ALM-04 | D137: 4 | E137: 22.9 | F137: 170.5 | G137: 1 | H137: 1 | I137: January | J137: 5.725 | K137: =_xlfn.XLOOKUP(B137,zones_lookup!A:A,zones_lookup!B:B,"Not found") -> Mr. Bello | L137: =_xlfn.XLOOKUP(B137,zones_lookup!A:A,zones_lookup!C:C,"Not found") -> 1288000
A138: 45968 | B138: Alimosho | C138: ALM-01 | D138: 3 | E138: 26.4 | F138: 109.7 | G138: 3 | H138: 11 | I138: November | J138: 8.8 | K138: =_xlfn.XLOOKUP(B138,zones_lookup!A:A,zones_lookup!B:B,"Not found") -> Mr. Bello | L138: =_xlfn.XLOOKUP(B138,zones_lookup!A:A,zones_lookup!C:C,"Not found") -> 1288000
... A141: 45930 | B141: Badagry | C141: BDG-02 | D141: 6 | E141: 31.6 | F141: 192.9 | G141: 2 | H141: 9 | I141: September | J141: 5.2666667 | K141: =_xlfn.XLOOKUP(B141,zones_lookup!A:A,zones_lookup!B:B,"Not found") -> Mrs. Johnson | L141: =_xlfn.XLOOKUP(B141,zones_lookup!A:A,zones_lookup!C:C,"Not found") -> 241000
A142: 45685 | B142: Lekki | C142: LKK-02 | D142: 6 | E142: 37.6 | G142: 3 | H142: 1 | I142: January | J142: 6.2666667 | K142: =_xlfn.XLOOKUP(B142,zones_lookup!A:A,zones_lookup!B:B,"Not found") -> Mr. Salami | L142: =_xlfn.XLOOKUP(B142,zones_lookup!A:A,zones_lookup!C:C,"Not found") -> 200000
A143: 46007 | B143: Ikeja | C143: IKJ-02 | D143: 6 | E143: 52 | F143: 226.9 | G143: 0 | H143: 12 | I143: December | J143: 8.6666667 | K143: =_xlfn.XLOOKUP(B143,zones_lookup!A:A,zones_lookup!B:B,"Not found") -> Mr. Adeyemi | L143: =_xlfn.XLOOKUP(B143,zones_lookup!A:A,zones_lookup!C:C,"Not found") -> 313000
A144: 45770 | B144: Epe | C144: EPE-01 | D144: 4 | E144: 14 | F144: 156.1 | G144: 2 | H144: 4 | I144: April | J144: 3.5 | K144: =_xlfn.XLOOKUP(B144,zones_lookup!A:A,zones_lookup!B:B,"Not found") -> Mr. Ogunleye | L144: =_xlfn.XLOOKUP(B144,zones_lookup!A:A,zones_lookup!C:C,"Not found") -> 181000
A145: 45812 | B145: Alimosho | C145: ALM-02 | D145: 2 | E145: 13.3 | F145: 74.3 | G145: 3 | H145: 6 | I145: June | J145: 6.65 | K145: =_xlfn.XLOOKUP(B145,zones_lookup!A:A,zones_lookup!B:B,"Not found") -> Mr. Bello | L145: =_xlfn.XLOOKUP(B145,zones_lookup!A:A,zones_lookup!C:C,"Not found") -> 1288000
A146: 45723 | B146: Lekki | C146: LKK-01 | D146: 3 | E146: 17.1 | F146: 118.2 | G146: 3 | H146: 3 | I146: March | J146: 5.7 | K146: =_xlfn.XLOOKUP(B146,zones_lookup!A:A,zones_lookup!B:B,"Not found") -> Mr. Salami | L146: =_xlfn.XLOOKUP(B146,zones_lookup!A:A,zones_lookup!C:C,"Not found") -> 200000
A147: 45903 | B147: Epe | C147: EPE-02 | D147: 6 | E147: 19.4 | F147: 241.8 | G147: 4 | H147: 9 | I147: September | J147: 3.2333333 | K147: =_xlfn.XLOOKUP(B147,zones_lookup!A:A,zones_lookup!B:B,"Not found") -> Mr. Ogunleye | L147: =_xlfn.XLOOKUP(B147,zones_lookup!A:A,zones_lookup!C:C,"Not found") -> 181000
A148: 45996 | B148: Ikeja | C148: IKJ-02 | D148: 2 | E148: 16.2 | F148: 83.8 | G148: 2 | H148: 12 | I148: December | J148: 8.1 | K148: =_xlfn.XLOOKUP(B148,zones_lookup!A:A,zones_lookup!B:B,"Not found") -> Mr. Adeyemi | L148: =_xlfn.XLOOKUP(B148,zones_lookup!A:A,zones_lookup!C:C,"Not found") -> 313000
...

Sheet pivot table
A3: Row Labels | B3: Average of Tonage per Trip
A4: Alimosho | B4: 7.20901
A5: Mushin | B5: 7.1319417 | F5: Row Labels | G5: Average of Missed Pickups
A6: Ikeja | B6: 6.8626782 | F6: Ikorodu | G6: 2.5639098
A7: Surulere | B7: 6.3296581 | F7: Badagry | G7: 2.5084746
A8: Lekki | B8: 5.593033 | F8: Epe | G8: 2.4112903
A9: Ikorodu | B9: 4.1955556 | F9: Mushin | G9: 1.3592233
A10: Badagry | B10: 3.9405932 | F10: Lekki | G10: 1.3035714
A11: Epe | B11: 3.7123278 | F11: Alimosho | G11: 1.1716418
A12: Grand Total | B12: 5.6304779 | F12: Ikeja | G12: 1.1258741
F13: Surulere | G13: 1.1016949
F14: Grand Total | G14: 1.6954315
A19: Row Labels | B19: Sum of Tonnage
A20: December | B20: 2346.8
A21: June | B21: 2078
A22: March | B22: 2017.8
A23: January | B23: 1978.8
A24: July | B24: 1819.4
A25: October | B25: 1804.7
A26: September | B26: 1794.2
A27: November | B27: 1760.8
A28: May | B28: 1718
A29: April | B29: 1693
A30: February | B30: 1472.6
A31: August | B31: 1444.1
A32: Grand Total | B32: 21928.2

Sheet Summary
B1: Waste Collection Analysis Summary
J6: Q1:which zone collect the most and least tonnage per trip?
J7: Alimosho collects the most per trip
J8: (about 7.2 tons) and Epe has the least(about 3.7),
J9: so a trip in Alimosho collects nearly twice as much.
J19: Q2:which month peak, and by how much?
J20: December is the peak month at about 2,347 tons
J21: around 62% above August
J22: the lowest month about 1,444 tons
J37: Q3:which zones have the highest missed pickup rate?
J38: Ikorodu (2.56), Badagry(2.51) and Epe(2.41)
J39: have the highest missed pickup rate
J40: while surulere has the lowest (1.10)
B56: Key Takeaway
B57: Epe, Badagry and Ikorodu are weak on both
B58: Tonnage per trip and missed pickups
B59: so they are the zones to prioritise.
B63: Data Notes
B64: 30 duplicate rows were removed.
B65: Zone name were trimmed and standardised to title case.
B66: In Tonnage, the tons "text" were removed and the 999 placeholder
B67: values were treated as missing
B68: Fuel used was converted to decimal numbers
B69: Trips and missed pickups to whole numbers
B70: Dates changed to English (UK) format
... B73: the related averages and totals, so monthly totals may be slightly understated
